{
    "lists": [
        {
            "nameAr":"اللائحة الداخلية",
            "nameEn":"Rules of procedure",
            "content": [
                {
                    "title": "مادرة رقم 1",
                    "subject": "تشكل هذه المادة بماتضمن من مواد واحكام مستندا الى قانون العمل المصرى رقم 5 لسنه 2017 وتتأر باحكام أخرى"
                },
                {
                    "title": "مادة رقم 2",
                    "subject": "تشكل هذه المادة بماتضمن من مواد واحكام مستندا الى قانون العمل المصرى رقم 5 لسنه 2017 وتتأر باحكام أخرى"
                },
                {
                    "title": "مادة رقم 3",
                    "subject": "تشكل هذه المادة بماتضمن من مواد واحكام مستندا الى قانون العمل المصرى رقم 5 لسنه 2017 وتتأر باحكام أخرى"
                }
            ]
        }
    ,
    
        {
            "nameAr":"اللائحة المالية",
            "nameEn":"Financial Regulations",
            "content": [
                {
                    "title": "مادة رقم 5",
                    "subject": "تشكل هذه المادة بماتضمن من مواد واحكام مستندا الى قانون العمل المصرى رقم 5 لسنه 2017 وتتأر باحكام أخرى"
                },
                {
                    "title": "مادة رقم 6",
                    "subject": "تشكل هذه المادة بماتضمن من مواد واحكام مستندا الى قانون العمل المصرى رقم 5 لسنه 2017 وتتأر باحكام أخرى"
                },
                {
                    "title": "مادة رقم 7",
                    "subject": "تشكل هذه المادة بماتضمن من مواد واحكام مستندا الى قانون العمل المصرى رقم 5 لسنه 2017 وتتأر باحكام أخرى"
                }
            ]
        }
    ,
    
        {
            "nameAr":"قانون العمل ",
            "nameEn":"work law",
            "content": [
                {
                    "title": "مادة رقم 5",
                    "subject": "تشكل هذه المادة بماتضمن من مواد واحكام مستندا الى قانون العمل المصرى رقم 5 لسنه 2017 وتتأر باحكام أخرى"
                },
                {
                    "title": "مادة رقم 4",
                    "subject": "تشكل هذه المادة بماتضمن من مواد واحكام مستندا الى قانون العمل المصرى رقم 5 لسنه 2017 وتتأر باحكام أخرى"
                },
                {
                    "title": "مادة رقم 3",
                    "subject": "تشكل هذه المادة بماتضمن من مواد واحكام مستندا الى قانون العمل المصرى رقم 5 لسنه 2017 وتتأر باحكام أخرى"
                }
            ]
        }
    ,
    
        {
            "nameAr":"تنبيهات هامة",
            "nameEn":"Important alerts",
            "content": [
                {
                    "title": "مادة رقم 1",
                    "subject": "تشكل هذه المادة بماتضمن من مواد واحكام مستندا الى قانون العمل المصرى رقم 5 لسنه 2017 وتتأر باحكام أخرى"
                },
                {
                    "title": "مادة رقم 3",
                    "subject": "تشكل هذه المادة بماتضمن من مواد واحكام مستندا الى قانون العمل المصرى رقم 5 لسنه 2017 وتتأر باحكام أخرى"
                }
            ]
        }    ,
        
            {
                "nameAr":"هامة",
                "nameEn":"Important",
                "content": [
                    {
                        "title": "مادة رقم 1",
                        "subject": "تشكل هذه المادة بماتضمن من مواد واحكام مستندا الى قانون العمل المصرى رقم 5 لسنه 2017 وتتأر باحكام أخرى"
                    },
                    {
                        "title": "مادة رقم 3",
                        "subject": "تشكل هذه المادة بماتضمن من مواد واحكام مستندا الى قانون العمل المصرى رقم 5 لسنه 2017 وتتأر باحكام أخرى"
                    }
                ]
            }
            ,
            
                {
                    "nameAr":"تنبيهات ",
                    "nameEn":"Important",
                    "content": [
                        {
                            "title": "مادة رقم 1",
                            "subject": "تشكل هذه المادة بماتضمن من مواد واحكام مستندا الى قانون العمل المصرى رقم 5 لسنه 2017 وتتأر باحكام أخرى"
                        },
                        {
                            "title": "مادة رقم 3",
                            "subject": "تشكل هذه المادة بماتضمن من مواد واحكام مستندا الى قانون العمل المصرى رقم 5 لسنه 2017 وتتأر باحكام أخرى"
                        }
                    ]
                }
    ]
}
