[
{
"pollstitle":" رئيس قسم المشروعات",
"pollsbody":"قررت الشركة تعين المهندس محمد قطب رئيسا لقسم البرمجه والتطوير فى الشركه قررت الشركة تعين المهندس محمد قطب رئيسا لقسم البرمجه الشركه",
"pollsdate":"يونيو 25",
"view":"false",
"rating":"3"
}
,
{
"pollstitle":" رئيس قسم المشروعات",
"pollsbody":"تم تأكيد يوم الثلاثاء القادم الموافق 12/6 أجازة عرضة وذلك لشراء بعض الاستلزامات الازمه لعمل اللازم لانه شى مهم جداً ",
"pollsdate":"يونيو 25",
"view":"false",
"rating":"4"
}
,
{
"pollstitle":" رئيس قسم البرمجه",
"pollsbody":"تم تأكيد يوم الثلاثاء القادم الموافق 12/6 أجازة عرضة وذلك لشراء بعض الاستلزامات الازمه لعمل اللازم لانه شى مهم جداً ",
"pollsdate":"يونيو 25",
"view":"true",
"rating":"5"
}
,
{
"pollstitle":" رئيس قسم السوشيال",
"pollsbody":"تم تأكيد يوم الثلاثاء القادم الموافق 12/6 أجازة عرضة وذلك لشراء بعض الاستلزامات الازمه لعمل اللازم لانه شى مهم جداً ",
"pollsdate":"يونيو 25",
"view":"true",
"rating":"4"
}
,
{
"pollstitle":" رئيس قسم التطوير",
"pollsbody":"تم تأكيد يوم الثلاثاء القادم الموافق 12/6 أجازة عرضة وذلك لشراء بعض الاستلزامات الازمه لعمل اللازم لانه شى مهم جداً ",
"pollsdate":"يونيو 25",
"view":"true",
"rating":"3.5"
}

]
