[

{
"month":"10",
"salary":"4250",
"date":"أكتوبر",
"finalsalary":"4250",
"financialbenefits":"4900",
"salary":"3000",
"incentives":"1000",
"transitionAllowance":"500",
"reward":"400",
"deductions":"650",
"late":"250",
"discount":"150",
"insurance":"250"
},
{
"month":"9",
"salary":"2900",
"date":"ستمبر",
"finalsalary":"4550",
"financialbenefits":"4500",
"salary":"2000",
"incentives":"1000",
"transitionAllowance":"500",
"reward":"400",
"deductions":"650",
"late":"250",
"discount":"150",
"insurance":"250"
},
{
"month":"8",
"salary":"4250",
"date":"أغسطس",
"finalsalary":"5250",
"financialbenefits":"4900",
"salary":"3000",
"incentives":"1000",
"transitionAllowance":"500",
"reward":"400",
"deductions":"650",
"late":"250",
"discount":"150",
"insurance":"250"
},
{
"month":"7",
"salary":"4250",
"date":"يوليو",
"finalsalary":"6000",
"financialbenefits":"4900",
"salary":"3000",
"incentives":"1000",
"transitionAllowance":"500",
"reward":"400",
"deductions":"650",
"late":"250",
"discount":"150",
"insurance":"250"
},
{
"month":"6",
"salary":"4250",
"date":"يونيو",
"finalsalary":"2250",
"financialbenefits":"4900",
"salary":"3000",
"incentives":"1000",
"transitionAllowance":"500",
"reward":"400",
"deductions":"650",
"late":"250",
"discount":"150",
"insurance":"250"
},
{
"month":"5",
"salary":"4250",
"date":"مايو",
"finalsalary":"7250",
"financialbenefits":"4900",
"salary":"3000",
"incentives":"1000",
"transitionAllowance":"500",
"reward":"400",
"deductions":"650",
"late":"250",
"discount":"150",
"insurance":"250"
}
]
